{
  "total_microblogs": 3387,
  "rumor_count": 1538,
  "non_rumor_count": 1849,
  "forward_count_mean": 149.57395925597874,
  "forward_count_median": 110,
  "forward_count_max": 771,
  "forward_count_min": 0,
  "forward_count_std": 127.9513232339097,
  "like_count_mean": 39.62267493356953,
  "like_count_median": 2,
  "like_count_max": 4348,
  "like_count_min": 0,
  "like_count_std": 169.7076042280687,
  "reply_count_mean": 226.9185119574845,
  "reply_count_median": 187,
  "reply_count_max": 840,
  "reply_count_min": 0,
  "reply_count_std": 160.48518755659012,
  "propagation_depth_mean": 4.924121641570712,
  "propagation_depth_median": 4,
  "propagation_depth_max": 58,
  "propagation_depth_min": 0,
  "propagation_depth_std": 3.2609259871280996,
  "cascade_size_mean": 376.49247121346326,
  "cascade_size_median": 326,
  "cascade_size_max": 964,
  "cascade_size_min": 3,
  "cascade_size_std": 234.1896905314484,
  "avg_time_from_root_mean": 193.02190322161718,
  "avg_time_from_root_median": 32.87734026244788,
  "avg_time_from_root_max": 18337.291088435373,
  "avg_time_from_root_min": 0.013888888888888888,
  "avg_time_from_root_std": 1089.7631116483522,
  "virality_score_mean": 3.7878977266017126,
  "virality_score_median": 3.7984,
  "virality_score_max": 5.4749,
  "virality_score_min": 1.0061,
  "virality_score_std": 0.6216695798183298,
  "propagation_efficiency_mean": 104.69015317143003,
  "propagation_efficiency_median": 74.0,
  "propagation_efficiency_max": 949.0,
  "propagation_efficiency_min": 3.0,
  "propagation_efficiency_std": 102.56808718816632,
  "interaction_rate_mean": 1.0,
  "interaction_rate_median": 1.0,
  "interaction_rate_max": 1.0,
  "interaction_rate_min": 1.0,
  "interaction_rate_std": 0.0,
  "propagation_speed_mean": 23.97424517061747,
  "propagation_speed_median": 9.965272490929241,
  "propagation_speed_max": 1269.2231533031052,
  "propagation_speed_min": 0.0026721504154396296,
  "propagation_speed_std": 59.4859835637776,
  "propagation_duration_mean": 3991.1213956139486,
  "propagation_duration_median": 1205.3605555555555,
  "propagation_duration_max": 40850.68111111111,
  "propagation_duration_min": 0.025277777777777777,
  "propagation_duration_std": 6302.724437379083,
  "early_propagation_intensity_mean": 3.838795394154119,
  "early_propagation_intensity_median": 0,
  "early_propagation_intensity_max": 654,
  "early_propagation_intensity_min": 0,
  "early_propagation_intensity_std": 31.642672249877606,
  "text_length_mean": 110.08414526129317,
  "text_length_median": 129,
  "text_length_max": 226,
  "text_length_min": 3,
  "text_length_std": 43.560682764056864,
  "has_url_mean": 0.18807204015352819,
  "has_url_median": 0,
  "has_url_max": 1,
  "has_url_min": 0,
  "has_url_std": 0.3908273859468968,
  "has_mention_mean": 0.19811042220253913,
  "has_mention_median": 0,
  "has_mention_max": 1,
  "has_mention_min": 0,
  "has_mention_std": 0.3986346702502006,
  "has_hashtag_mean": 0.1355181576616475,
  "has_hashtag_median": 0,
  "has_hashtag_max": 1,
  "has_hashtag_min": 0,
  "has_hashtag_std": 0.3423267238090197,
  "rumor_vs_non_rumor": {
    "forward_count": {
      "rumor_mean": 127.84655396618986,
      "non_rumor_mean": 167.64683612763656,
      "difference": -39.8002821614467,
      "rumor_median": 92.0,
      "non_rumor_median": 128
    },
    "like_count": {
      "rumor_mean": 10.814694408322497,
      "non_rumor_mean": 63.585181179015684,
      "difference": -52.77048677069319,
      "rumor_median": 2.0,
      "non_rumor_median": 3
    },
    "reply_count": {
      "rumor_mean": 186.59882964889468,
      "non_rumor_mean": 260.45646295294756,
      "difference": -73.85763330405288,
      "rumor_median": 138.5,
      "non_rumor_median": 232
    },
    "propagation_depth": {
      "rumor_mean": 5.760728218465539,
      "non_rumor_mean": 4.22823147647377,
      "difference": 1.5324967419917694,
      "rumor_median": 5.0,
      "non_rumor_median": 4
    },
    "cascade_size": {
      "rumor_mean": 314.44538361508455,
      "non_rumor_mean": 428.1032990805841,
      "difference": -113.65791546549957,
      "rumor_median": 235.0,
      "non_rumor_median": 397
    },
    "avg_time_from_root": {
      "rumor_mean": 143.30517789270164,
      "non_rumor_mean": 234.37632374940088,
      "difference": -91.07114585669925,
      "rumor_median": 26.477693229842966,
      "non_rumor_median": 41.68530465949821
    },
    "virality_score": {
      "rumor_mean": 3.6462964239271782,
      "non_rumor_mean": 3.9056818280151435,
      "difference": -0.2593854040879653,
      "rumor_median": 3.60335,
      "non_rumor_median": 3.9404
    },
    "propagation_efficiency": {
      "rumor_mean": 66.39263915562415,
      "non_rumor_mean": 136.54606261237618,
      "difference": -70.15342345675202,
      "rumor_median": 49.650000000000006,
      "non_rumor_median": 106.0
    },
    "interaction_rate": {
      "rumor_mean": 1.0,
      "non_rumor_mean": 1.0,
      "difference": 0.0,
      "rumor_median": 1.0,
      "non_rumor_median": 1.0
    },
    "propagation_speed": {
      "rumor_mean": 20.975412242648606,
      "non_rumor_mean": 26.46867731946339,
      "difference": -5.493265076814783,
      "rumor_median": 10.22224596030834,
      "non_rumor_median": 9.694714482448862
    },
    "propagation_duration": {
      "rumor_mean": 2291.761946069932,
      "non_rumor_mean": 5404.650240069707,
      "difference": -3112.888293999775,
      "rumor_median": 695.8411111111111,
      "non_rumor_median": 2038.4066666666668
    },
    "early_propagation_intensity": {
      "rumor_mean": 8.453836150845254,
      "non_rumor_mean": 0,
      "difference": 8.453836150845254,
      "rumor_median": 0.0,
      "non_rumor_median": 0
    },
    "text_length": {
      "rumor_mean": 109.70091027308193,
      "non_rumor_mean": 110.40292049756626,
      "difference": -0.7020102244843258,
      "rumor_median": 129.0,
      "non_rumor_median": 128
    },
    "has_url": {
      "rumor_mean": 0.10403120936280884,
      "non_rumor_mean": 0.25797728501892914,
      "difference": -0.15394607565612028,
      "rumor_median": 0.0,
      "non_rumor_median": 0
    },
    "has_mention": {
      "rumor_mean": 0.20286085825747724,
      "non_rumor_mean": 0.19415900486749593,
      "difference": 0.008701853389981307,
      "rumor_median": 0.0,
      "non_rumor_median": 0
    },
    "has_hashtag": {
      "rumor_mean": 0.07737321196358908,
      "non_rumor_mean": 0.1838831800973499,
      "difference": -0.10650996813376083,
      "rumor_median": 0.0,
      "non_rumor_median": 0
    }
  }
}